student_id,gender,age,gpa,attendance_rate,study_hours_per_week,financial_status,scholarship,mental_health_score,part_time_job,family_support,dropout_risk
696423388,Male,20,3.42,99,13,Low,Yes,6,No,Medium,0
696550634,Female,17,2.54,98,11,Medium,Yes,6,Yes,Low,0
694304572,Male,20,2.55,49,14,Low,Yes,9,Yes,Low,0
682234489,Male,20,3.34,74,19,Medium,No,4,Yes,Medium,0
699958614,Male,18,2.1,90,17,Low,Yes,1,No,High,1
689524682,Female,18,1.78,88,19,Low,Yes,6,No,High,0
687204212,Male,20,2.39,71,20,Low,No,5,Yes,High,0
689628519,Male,21,2.22,46,24,Low,No,6,Yes,Medium,0
674472471,Male,22,2.24,60,8,Medium,Yes,3,Yes,High,0
674523669,Female,21,2.08,59,19,Medium,Yes,2,No,High,1
677404852,Male,21,1.61,65,20,Medium,No,6,Yes,Medium,1
674981505,Male,19,1.54,43,10,High,No,1,No,Low,1
691766891,Male,17,3.97,85,11,Medium,No,7,No,Medium,0
664521373,Male,24,2.57,91,8,Medium,Yes,7,Yes,Medium,0
676019877,Female,22,2.46,61,7,Low,Yes,7,Yes,Medium,0
683344769,Male,21,3.2,54,14,Medium,Yes,1,No,Medium,0
679180351,Female,22,2.05,95,13,Medium,No,4,Yes,Low,0
670103355,Female,20,3.87,79,3,Low,No,7,Yes,High,0
681262752,Female,20,3.47,60,13,Medium,No,9,No,Medium,0
699784633,Male,17,1.72,54,21,Low,Yes,5,No,Low,1
665664789,Female,23,2.54,61,11,Medium,No,2,No,High,0
699695979,Male,19,3.7,91,4,High,Yes,7,No,High,0
689305648,Female,21,3.86,67,14,High,No,1,No,High,0
685743066,Female,21,2.67,53,6,Medium,Yes,7,Yes,Medium,0
696113790,Female,19,3.03,66,6,Medium,Yes,6,No,Medium,0
664721339,Female,20,1.92,80,20,Medium,No,7,No,High,0
669889550,Female,22,3.98,79,17,Medium,Yes,3,No,High,0
693275709,Female,17,2.08,97,21,Low,No,3,Yes,High,1
660084654,Female,21,3.86,67,15,Medium,Yes,7,No,High,0
685147581,Female,19,3.12,65,21,Medium,No,2,No,High,0
691954354,Male,18,3.02,88,19,High,No,1,No,High,0
668242680,Male,22,2.78,41,8,Medium,Yes,9,Yes,Low,0
662428388,Female,24,2.08,64,18,Medium,No,9,No,High,1
688916786,Female,20,1.94,95,14,Medium,Yes,7,No,Medium,0
662663046,Female,21,2.05,42,21,Medium,No,7,No,Medium,1
695499720,Male,20,1.97,47,7,Medium,No,3,Yes,Medium,1
666640913,Female,24,3.45,83,19,Low,No,2,Yes,High,1
683416664,Male,19,2.38,72,3,Medium,No,7,Yes,Medium,0
683385659,Male,18,1.64,81,12,High,Yes,9,Yes,Low,0
683385357,Male,18,3.92,91,17,Medium,No,1,No,High,0
681465689,Male,20,3.71,74,23,Low,No,4,No,Medium,1
670068148,Male,19,3.82,45,23,Medium,Yes,6,Yes,Low,0
661825665,Female,21,3.99,78,13,High,Yes,7,Yes,Low,0
682745683,Female,20,1.93,91,15,Low,Yes,7,No,Medium,0
674056518,Female,22,2.49,62,7,Medium,Yes,2,No,Low,0
672669995,Female,21,3.4,64,3,High,Yes,4,Yes,Medium,0
664997895,Female,20,3.24,98,14,Medium,Yes,5,Yes,Low,0
686397986,Male,18,1.88,89,13,High,No,1,Yes,High,0
661870928,Female,23,3.54,82,19,Medium,Yes,1,Yes,High,0
664155299,Female,22,2.06,58,6,Medium,No,3,No,High,1
676249859,Male,21,2.06,44,17,Medium,Yes,3,Yes,High,1
672305413,Female,19,2.84,90,11,Low,No,8,Yes,High,0
683910197,Male,20,2.98,50,23,Low,No,9,No,Medium,0
665558019,Female,20,2.95,95,22,Medium,No,1,No,High,0
675414709,Male,21,1.73,51,21,Low,Yes,2,No,High,1
690271836,Female,20,3.69,49,21,Medium,Yes,2,No,High,0
693584702,Female,19,2.16,47,14,High,Yes,4,No,High,1
667281369,Male,20,1.82,63,7,High,Yes,2,Yes,Low,1
692299435,Male,17,3.72,99,12,Medium,No,7,Yes,High,0
698585377,Male,18,3.89,67,19,High,Yes,9,Yes,High,0
662658505,Male,23,3.66,80,7,Medium,No,7,No,Medium,0
691271741,Male,19,3.52,75,24,Medium,No,6,Yes,Low,0
693769315,Male,19,3.14,76,18,Low,Yes,1,No,Medium,1
671046797,Male,20,2.88,60,9,Medium,Yes,9,Yes,High,0
673047262,Male,21,1.72,47,11,Medium,Yes,5,Yes,Medium,1
699973006,Female,17,2.52,94,5,Medium,No,5,No,Medium,0
670564685,Female,20,2.43,48,17,Medium,Yes,6,No,High,0
672879190,Male,21,2.15,86,18,Low,No,9,Yes,Low,0
675596411,Female,21,3.31,54,20,Medium,Yes,8,Yes,Low,0
679700344,Female,21,2.74,87,16,High,No,8,Yes,Medium,0
681007293,Female,20,1.7,85,5,Medium,Yes,8,Yes,High,0
674774183,Female,21,2.05,79,14,High,Yes,1,Yes,Medium,0
683366612,Male,21,3.21,57,11,High,No,1,No,Medium,0
698411855,Female,17,1.69,81,9,High,Yes,8,No,Medium,0
665267180,Male,22,3.63,99,11,High,Yes,5,No,High,0
697807313,Female,20,2.74,59,15,High,Yes,9,No,High,0
682704238,Female,18,2.7,45,20,Medium,Yes,2,Yes,Low,0
682630708,Female,20,2.98,51,7,Low,Yes,9,Yes,High,0
693494679,Male,19,3.56,41,15,Medium,Yes,8,No,Medium,0
685517209,Female,20,2.37,46,6,Medium,Yes,9,Yes,Medium,0
691767640,Male,18,3.2,55,4,Low,No,4,No,Low,1
686723771,Female,21,2.91,42,18,Low,No,1,Yes,High,1
671285160,Male,21,2.17,84,11,High,Yes,1,Yes,Medium,0
676080526,Female,21,3.7,42,11,High,Yes,5,Yes,Low,0
665173036,Male,24,3.49,66,8,High,Yes,2,No,Low,0
671425472,Male,21,3.15,89,13,Medium,No,8,No,Medium,0
680048984,Female,19,3.63,82,24,Low,No,5,No,Medium,0
666556168,Male,21,3.67,79,24,Low,Yes,5,No,High,0
681504384,Female,18,3.27,77,3,Low,No,2,Yes,Low,1
692230919,Female,19,3.59,72,6,Low,Yes,7,Yes,Medium,0
666940119,Female,23,3.24,67,15,Low,Yes,8,Yes,Low,0
671737095,Female,20,3.2,40,15,High,Yes,1,Yes,High,0
664780450,Female,20,3.05,94,15,Medium,Yes,2,No,Medium,0
677469344,Female,20,3.38,47,4,Low,No,4,Yes,High,1
692109818,Female,20,1.9,76,11,Low,No,5,Yes,Low,0
692231785,Female,18,3.7,71,10,Medium,Yes,2,Yes,High,0
683853339,Female,19,3.68,99,9,Low,No,1,No,High,1
689467719,Female,18,1.57,87,6,High,No,9,No,Low,0
680996107,Female,19,3.56,82,20,Medium,Yes,1,No,High,0
667130144,Male,24,1.82,76,5,Medium,No,4,Yes,Low,0
684545583,Male,19,2.34,43,8,Low,Yes,2,No,Medium,1
693747389,Female,20,3.36,69,14,Low,Yes,4,Yes,Low,1
694142807,Female,19,1.9,45,14,Medium,Yes,8,Yes,Low,1
687988004,Female,21,3.54,85,23,Medium,Yes,8,Yes,Medium,0
686245035,Female,20,3.58,93,10,Medium,No,9,No,Low,0
683602279,Female,20,2.77,58,24,Low,Yes,5,No,Medium,0
665515989,Female,24,1.52,71,24,Medium,No,7,Yes,Medium,0
672121690,Female,22,2.22,48,3,Medium,Yes,3,Yes,Low,0
680491234,Female,18,3.04,51,6,High,Yes,4,No,High,0
669909709,Male,20,3.95,50,23,Low,No,9,No,High,0
695401218,Female,18,3.08,85,13,Low,Yes,1,No,Medium,1
676914550,Male,21,2.15,94,5,Medium,No,2,Yes,High,0
696167294,Female,18,3.09,55,15,Medium,No,5,Yes,High,0
669286029,Female,20,2.85,40,19,Medium,Yes,3,Yes,Low,0
696906726,Male,17,3.45,84,24,Medium,Yes,2,No,Medium,0
665888794,Female,22,1.77,94,24,Medium,Yes,1,No,Medium,0
687558158,Male,20,3.4,92,12,High,Yes,3,No,Low,0
686510425,Female,18,2.85,60,23,Medium,Yes,1,Yes,High,0
678511017,Female,21,3.91,69,14,High,Yes,1,Yes,Medium,0
667887739,Male,21,2.35,52,17,Medium,No,1,No,High,0
660769598,Female,24,3.08,73,23,High,No,8,Yes,Medium,0
695292895,Male,20,3.83,43,12,High,Yes,3,No,Medium,0
677971379,Female,21,1.76,67,16,Low,No,1,Yes,Medium,1
693331068,Male,18,3.84,77,15,High,No,7,No,Medium,0
683256415,Male,21,3.22,97,7,Low,Yes,3,Yes,High,1
680874371,Female,19,1.67,70,8,High,Yes,8,Yes,High,0
695654237,Female,19,2.25,98,4,Medium,No,4,No,High,0
660973548,Male,20,3.27,94,24,Low,Yes,4,No,High,1
693344014,Female,20,1.67,66,19,Medium,No,5,No,Low,1
667064746,Female,24,2.96,44,6,High,Yes,6,No,Medium,0
689602083,Female,21,2.36,64,16,Low,No,7,No,Medium,0
666216204,Male,20,3.05,42,12,Medium,No,4,Yes,Medium,0
685193542,Male,20,1.61,72,5,Medium,No,8,No,Low,0
692959034,Male,18,3.68,43,5,High,No,6,No,High,0
684574293,Male,21,3.93,64,17,Medium,Yes,1,No,Medium,0
686706971,Male,18,3.92,59,8,Low,Yes,1,Yes,High,1
670043585,Male,21,3.37,73,19,Low,No,9,No,High,0
682539448,Male,20,1.83,65,14,Medium,No,6,No,Low,1
680109556,Male,21,3.4,44,24,Medium,Yes,8,No,Low,0
661575557,Male,20,1.56,74,22,High,Yes,7,Yes,High,0
678306461,Female,21,1.56,67,13,Low,No,6,Yes,Medium,1
672009021,Male,21,2.31,68,6,Medium,No,4,No,Medium,0
681201482,Female,18,2.72,48,8,Low,No,7,Yes,Low,0
690542335,Female,18,3.43,91,3,Low,No,9,No,Low,0
674270070,Female,22,3.21,77,22,Medium,No,7,Yes,Low,0
686700379,Male,19,2.61,89,18,Medium,Yes,1,No,Low,0
663560920,Male,21,2.18,45,17,Medium,No,9,Yes,Low,1
686860006,Male,21,3.99,58,19,High,Yes,4,No,Low,0
682484413,Male,21,2.57,99,10,Medium,Yes,3,No,Low,0
692907360,Female,17,2.63,83,14,High,Yes,4,Yes,Medium,0
665895544,Male,20,1.91,96,24,High,No,4,No,Low,0
685697469,Male,19,3.49,50,23,Medium,Yes,2,No,Low,0
692235000,Male,19,3.23,41,12,High,Yes,1,No,Medium,0
676908531,Male,21,2.05,86,17,Medium,Yes,1,No,Medium,0
684322252,Male,18,1.71,83,11,Low,Yes,8,Yes,High,0
675822184,Female,21,3.2,83,4,Medium,No,2,No,Low,0
660402690,Male,24,3.14,48,7,Low,No,5,Yes,Low,0
692548421,Female,18,2.18,60,8,Medium,Yes,4,Yes,Low,1
661954109,Male,22,3.88,63,9,Medium,Yes,8,Yes,Low,0
664422880,Female,22,1.88,73,23,Low,No,2,Yes,High,1
687205547,Male,18,2.58,61,3,Low,No,9,No,Medium,0
678323735,Male,22,3.86,42,9,High,No,7,No,Medium,0
696457294,Female,19,2.55,51,22,Medium,Yes,7,Yes,Low,0
661384250,Female,22,3.1,67,14,Low,No,1,No,Low,1
670061087,Female,21,2.49,69,18,Medium,Yes,2,Yes,Low,0
686409907,Male,18,2.19,65,18,Medium,Yes,4,No,High,1
691496176,Female,20,3.96,87,13,Medium,No,4,No,High,0
660039353,Male,24,2.52,60,23,High,Yes,3,No,Medium,0
676484531,Male,22,3.74,67,6,Medium,No,7,Yes,Low,0
683360011,Female,21,2.07,95,15,Low,Yes,8,Yes,Low,0
697654909,Female,18,2.03,65,9,High,No,2,No,Low,1
684259622,Male,21,1.58,72,6,High,Yes,4,Yes,Low,0
684959617,Male,21,3.13,60,17,Low,Yes,3,Yes,High,1
695725570,Female,20,2.42,74,21,Low,No,2,No,Medium,1
690416880,Female,19,3.66,91,11,Low,No,6,Yes,Medium,0
687072695,Female,19,2.68,73,13,Medium,No,4,No,High,0
667433296,Male,22,3.92,80,10,Medium,No,6,No,Low,0
674965050,Male,22,1.96,90,3,Medium,Yes,2,No,Medium,0
660813168,Male,20,3.67,86,10,High,No,4,Yes,Medium,0
660225281,Male,22,3.44,57,15,Medium,No,6,No,High,0
683782875,Male,21,3.43,97,24,Low,Yes,5,No,Low,0
672995765,Male,19,3.61,50,6,Low,No,3,Yes,Medium,1
697734102,Female,17,3.4,96,10,Medium,No,8,Yes,Low,0
665595108,Male,20,3.07,62,5,Low,Yes,7,Yes,Medium,0
675674719,Male,22,1.83,87,11,Medium,No,3,Yes,High,0
668658144,Male,23,1.58,61,4,High,No,6,No,Low,1
666609280,Female,24,3.8,56,4,Low,No,4,Yes,High,1
675500306,Male,19,3.04,44,15,Medium,No,5,Yes,Medium,0
664372093,Male,23,3.49,83,17,Medium,No,5,Yes,High,0
681561729,Female,18,2.7,50,14,Medium,No,7,Yes,High,0
685031595,Male,21,1.79,69,6,Low,Yes,5,No,High,1
695478047,Male,20,1.81,54,10,Medium,No,3,Yes,Medium,1
669070277,Male,23,3.21,66,11,Low,Yes,5,No,Low,0
671119043,Male,20,2.58,74,7,High,Yes,7,Yes,High,0
667103230,Male,20,2.0,72,22,Low,Yes,5,No,Low,0
682558231,Female,19,2.73,59,20,Medium,Yes,5,No,Medium,0
696659908,Female,17,1.66,55,13,Medium,No,9,Yes,Low,1
683080389,Female,18,2.95,73,17,High,No,3,No,High,0
681661909,Male,20,2.17,41,24,Low,No,6,Yes,High,1
672656138,Male,19,3.49,74,11,Low,Yes,1,No,High,1
670110078,Male,19,2.28,79,19,Low,No,5,No,High,0
691915631,Female,17,2.64,95,14,Low,No,8,No,High,0
696314127,Male,20,1.53,67,9,Low,No,5,Yes,High,1
699792712,Male,20,1.68,86,12,Medium,Yes,9,No,Medium,0
672008187,Female,19,2.48,78,12,Low,Yes,6,Yes,Medium,0
671659066,Male,20,2.7,45,15,Low,No,8,No,Medium,0
672148815,Female,19,3.0,48,21,High,Yes,8,No,Low,0
687355740,Female,20,2.23,59,13,Low,Yes,3,No,Low,1
684506259,Female,21,3.24,99,15,Low,No,7,No,Medium,0
667473915,Male,20,3.65,40,23,Low,Yes,7,No,Low,0
697658426,Male,19,3.45,47,10,High,Yes,6,No,Low,0
686404003,Male,19,1.6,94,10,Low,No,7,Yes,High,0
694135314,Male,17,2.7,62,6,High,Yes,2,Yes,High,0
690910681,Male,17,1.76,42,17,Medium,Yes,9,Yes,Low,1
671607618,Male,20,2.11,43,13,Low,Yes,1,No,Low,1
693896830,Male,17,3.97,97,13,High,Yes,1,Yes,Medium,0
674336787,Female,20,1.86,64,3,Low,Yes,3,No,Low,1
672755423,Male,21,2.75,86,19,Low,Yes,3,Yes,High,1
680071295,Female,20,3.05,77,17,High,Yes,1,Yes,Low,0
699132582,Male,20,3.26,54,22,Medium,Yes,7,No,Medium,0
687613287,Male,19,2.9,60,8,Medium,No,4,No,High,0
663445376,Male,20,1.52,74,24,Low,No,2,Yes,High,1
685251035,Female,18,2.32,96,17,Medium,No,5,Yes,High,0
663612600,Female,21,2.79,92,11,Medium,No,6,Yes,High,0
670825816,Female,22,1.72,92,16,Low,Yes,9,Yes,Low,0
688763313,Female,21,2.38,85,20,Low,No,4,No,Medium,1
672026793,Male,21,1.58,91,19,Low,No,2,Yes,Low,1
690554594,Female,18,1.7,53,20,Low,Yes,5,No,Low,1
688536326,Male,18,2.49,75,7,High,Yes,3,No,High,0
663504473,Male,23,1.83,51,22,Medium,Yes,2,Yes,Medium,1
677299695,Female,22,2.92,56,22,High,Yes,1,No,High,0
672204664,Female,19,3.22,78,11,Low,Yes,2,Yes,Low,1
684341747,Female,18,3.5,48,13,Medium,No,6,No,Low,0
669907771,Female,21,2.0,74,24,Low,Yes,8,No,High,0
660686976,Female,21,1.92,99,3,Low,No,3,Yes,Low,1
682472189,Female,18,1.76,52,20,Low,No,9,No,Low,1
678506404,Female,22,3.09,54,8,Low,Yes,9,No,High,0
671241082,Female,20,3.27,57,4,Medium,No,2,Yes,Low,0
685184502,Male,20,1.58,90,17,High,No,8,No,Medium,0
686561000,Female,18,3.84,72,23,Medium,Yes,5,No,High,0
696671458,Female,19,1.63,45,16,Low,No,4,Yes,Medium,1
664892306,Male,22,2.85,98,7,Low,No,5,Yes,Low,0
693674515,Female,17,3.27,66,8,Low,No,4,No,Low,1
681579159,Male,21,3.68,62,8,Medium,Yes,8,No,High,0
699295925,Male,17,3.29,98,24,Medium,Yes,4,No,Low,0
674515488,Female,22,3.5,66,20,High,Yes,6,Yes,High,0
666041495,Male,21,2.35,73,16,Low,No,2,No,High,1
699056842,Male,19,3.54,95,12,Medium,Yes,5,No,High,0
668767088,Male,21,1.7,85,16,Medium,No,6,No,High,0
676324167,Male,19,3.74,77,15,Medium,Yes,5,No,High,0
690791971,Female,20,2.87,53,5,Medium,No,2,No,Medium,0
690501157,Male,19,3.54,75,8,Medium,Yes,7,No,High,0
694378727,Female,17,2.63,92,10,Medium,Yes,4,Yes,Medium,0
674124499,Male,19,3.11,47,14,Low,No,8,Yes,Low,0
685946594,Male,18,2.82,74,15,Medium,Yes,7,No,High,0
695106799,Male,18,3.33,58,13,Low,No,7,No,Low,0
684327576,Male,21,1.7,69,14,Medium,Yes,9,Yes,High,1
694962140,Female,17,1.65,53,3,Medium,Yes,1,Yes,Medium,1
692799487,Female,18,2.12,98,19,Medium,No,6,Yes,Medium,0
662904941,Male,22,1.9,59,18,High,No,6,No,Medium,1
687983441,Male,19,3.68,88,13,High,No,6,No,Low,0
675320385,Female,20,2.05,64,15,High,Yes,6,No,High,1
662100021,Male,22,3.94,79,20,Medium,No,7,No,Low,0
689749436,Male,21,2.34,63,13,Medium,Yes,6,Yes,Medium,0
666928040,Male,23,1.96,53,14,Medium,No,1,Yes,Low,1
690618467,Female,18,3.47,65,8,High,No,3,Yes,Medium,0
695333152,Female,18,3.15,77,11,Medium,No,2,Yes,Medium,0
667328141,Female,21,2.75,62,18,High,No,6,No,Medium,0
665072148,Male,23,2.89,61,6,High,No,8,No,High,0
681707923,Male,19,3.3,87,5,Medium,No,3,Yes,High,0
675134207,Female,19,2.07,96,18,Low,Yes,8,Yes,Medium,0
668516999,Female,22,3.99,58,14,Low,No,8,Yes,Low,0
696730886,Female,20,3.94,85,13,High,Yes,5,Yes,Low,0
699405634,Female,19,3.13,90,7,Low,No,8,Yes,High,0
685853584,Male,19,2.0,42,20,High,No,6,No,Medium,1
688170528,Female,20,3.2,81,21,Medium,No,5,No,Low,0
674301754,Male,20,1.68,58,8,Medium,Yes,9,Yes,Medium,1
672269042,Female,20,1.58,48,24,High,Yes,7,Yes,Low,1
681983509,Male,18,2.14,67,20,Medium,No,8,Yes,High,1
677740141,Female,20,2.66,59,8,Medium,Yes,1,No,Medium,0
660116381,Female,24,3.67,84,6,Medium,No,2,No,Medium,0
681521701,Female,21,3.32,46,14,Low,No,8,No,Low,0
696105525,Female,19,3.36,53,21,Medium,Yes,9,Yes,Low,0
689587994,Male,19,2.56,48,4,Low,Yes,4,No,Low,1
673438618,Female,21,2.36,98,19,High,Yes,9,Yes,Medium,0
677913697,Male,22,2.43,99,13,High,Yes,4,No,High,0
692457184,Male,20,3.97,94,13,Low,No,9,No,High,0
674103022,Male,21,1.6,96,23,Medium,Yes,7,No,Low,0
681418175,Male,19,3.67,99,18,Medium,Yes,2,Yes,High,0
693806688,Female,20,2.95,58,4,Low,No,9,Yes,Low,0
687265795,Male,20,2.6,86,4,High,Yes,4,No,High,0
673772962,Male,21,3.31,91,10,Low,Yes,8,Yes,Medium,0
684041776,Male,19,2.72,53,15,Low,Yes,7,Yes,Low,0
662727423,Female,21,3.68,95,12,Medium,Yes,7,Yes,High,0
685709840,Female,20,3.75,77,10,Medium,No,8,Yes,Medium,0
685130397,Female,18,2.55,92,6,Medium,No,1,Yes,High,0
673451356,Female,20,2.19,75,17,Medium,Yes,5,Yes,Medium,0
669520173,Male,20,2.98,79,3,Medium,Yes,2,Yes,Medium,0
693444084,Male,18,3.78,56,13,Medium,No,2,No,High,0
682927109,Female,21,2.03,69,9,Low,Yes,1,Yes,High,1
686979451,Male,21,3.06,48,19,Low,Yes,5,Yes,Medium,0
678519981,Male,22,3.08,72,22,Low,Yes,2,No,Medium,1
677778484,Male,20,3.33,95,20,Low,Yes,4,No,Medium,1
688503902,Female,21,1.83,91,24,Medium,Yes,3,No,Low,0
666214624,Female,21,3.29,64,24,Low,Yes,3,No,Medium,1
674842611,Male,20,3.77,53,14,Low,Yes,2,Yes,Low,1
686357182,Female,18,1.95,50,11,Low,Yes,6,No,Medium,1
694335868,Female,18,2.09,92,7,High,Yes,2,No,Low,0
669814996,Female,20,3.93,74,12,High,No,8,Yes,Medium,0
662215167,Female,24,1.95,80,6,Medium,No,8,Yes,Medium,0
683886402,Female,20,3.64,98,7,High,No,5,Yes,Medium,0
696545535,Male,17,2.73,53,12,Medium,Yes,7,No,High,0
686842385,Female,20,2.12,69,13,Medium,Yes,4,Yes,High,1
679078552,Male,22,3.68,80,23,Low,No,1,No,Medium,1
690688105,Male,18,2.61,43,12,Medium,Yes,2,Yes,Low,0
671989173,Female,20,2.79,98,10,Medium,No,4,Yes,Low,0
663080761,Male,21,2.4,43,4,Medium,Yes,1,No,Medium,0
691414466,Male,20,2.98,67,10,Medium,No,8,Yes,High,0
680445101,Male,20,1.91,47,18,Medium,No,9,Yes,Low,1
688106609,Female,20,2.48,41,24,Medium,No,4,Yes,High,0
667413023,Female,23,3.92,80,7,High,Yes,3,Yes,Low,0
697613269,Male,20,2.15,85,5,Low,No,2,Yes,Medium,1
671105534,Female,20,3.14,61,14,Medium,Yes,5,No,High,0
699972201,Female,17,2.31,80,15,Medium,Yes,3,No,Low,0
699613273,Female,18,3.43,95,15,Medium,Yes,7,Yes,Medium,0
674353127,Female,19,1.83,94,12,Medium,Yes,6,No,Medium,0
667315360,Male,23,3.92,55,6,Low,Yes,1,No,Medium,1
678073461,Male,22,2.63,68,11,Medium,Yes,8,No,High,0
680498863,Female,20,2.09,88,24,Low,Yes,2,Yes,High,1
698756262,Female,19,1.68,87,4,Medium,No,5,Yes,Medium,0
662676188,Male,22,1.92,69,21,Medium,No,9,Yes,High,1
663295990,Male,21,2.8,51,3,Medium,No,8,No,Low,0
687782937,Female,20,2.34,74,9,Low,Yes,2,No,Medium,1
686526818,Male,21,3.57,50,19,Medium,Yes,9,Yes,Medium,0
699881393,Female,20,2.58,85,5,Low,Yes,5,Yes,High,0
699185687,Female,19,2.12,89,22,High,Yes,6,No,Medium,0
685491590,Male,21,3.04,60,22,High,No,3,No,Low,0
666512440,Male,22,3.27,60,23,High,Yes,3,Yes,High,0
666099628,Female,23,1.92,44,5,Medium,No,8,No,High,1
686555968,Female,20,1.92,87,5,Medium,Yes,2,No,Medium,0
662699015,Male,20,1.59,59,19,Low,No,2,No,Medium,1
689674733,Female,21,3.34,76,9,Low,Yes,5,No,Medium,0
668837590,Male,22,3.16,42,16,Medium,No,6,No,High,0
691172622,Female,18,2.69,83,19,Medium,Yes,2,No,Medium,0
682503771,Male,19,3.61,72,20,High,No,5,No,Low,0
663177825,Male,23,3.51,92,15,Low,Yes,7,Yes,Medium,0
660996161,Male,22,2.96,48,22,High,No,8,Yes,Medium,0
684183839,Female,20,3.67,48,22,Medium,No,7,No,High,0
690666326,Female,20,2.01,43,23,Medium,Yes,8,No,Medium,1
670649150,Male,20,1.78,74,20,Low,No,9,No,High,0
663375957,Female,20,2.17,56,6,Low,Yes,5,Yes,Medium,1
670118834,Male,19,1.64,73,3,Medium,Yes,5,Yes,Low,0
683239576,Male,18,2.83,63,20,Medium,Yes,4,No,Low,0
685893309,Female,21,3.84,71,3,Low,No,9,Yes,High,0
665948540,Female,22,1.6,40,15,Medium,No,5,No,High,1
694249913,Male,17,1.81,47,22,High,Yes,2,No,Medium,1
694422201,Female,18,2.63,84,22,High,Yes,8,No,Medium,0
691079600,Female,20,3.83,62,12,High,No,7,No,Low,0
689414323,Male,21,2.29,86,13,Low,No,8,No,Medium,0
699827141,Male,20,2.77,79,11,Low,No,3,No,Low,1
693503157,Female,17,1.6,51,11,Medium,Yes,4,No,High,1
688272874,Male,18,1.87,93,7,Medium,Yes,5,Yes,Medium,0
688849851,Male,21,3.97,51,3,Low,Yes,6,No,High,0
671985588,Female,22,3.91,85,19,Low,Yes,1,Yes,Medium,1
668640059,Male,20,1.51,86,24,Medium,Yes,4,No,Low,0
674197355,Male,21,3.88,54,4,Low,No,5,No,High,0
671752683,Female,21,3.1,80,15,Low,Yes,7,Yes,High,0
677716868,Female,19,3.67,58,11,Low,No,5,Yes,Medium,0
671004646,Male,19,2.64,65,6,Low,No,1,No,High,1
699360133,Male,19,2.79,91,7,Medium,Yes,7,Yes,Low,0
683867500,Female,19,2.72,68,13,Medium,No,8,No,High,0
670449395,Female,19,3.17,61,21,Medium,Yes,7,No,High,0
665143901,Female,23,1.85,79,23,Low,No,4,Yes,Medium,1
686754350,Female,21,1.57,60,5,Low,Yes,8,Yes,High,1
661260386,Male,23,2.27,90,14,Medium,Yes,5,Yes,Medium,0
663054390,Female,21,3.26,77,21,Medium,No,9,Yes,Medium,0
667019431,Female,23,2.0,59,21,Medium,Yes,5,No,High,1
673379569,Male,21,3.18,96,15,Low,No,1,Yes,Low,1
662900603,Female,21,3.92,68,9,High,Yes,9,Yes,Medium,0
678611474,Male,21,1.73,90,17,Low,Yes,5,Yes,High,0
689523856,Female,18,3.18,43,9,Medium,Yes,6,Yes,Medium,0
671646711,Female,22,2.61,94,10,Medium,No,4,Yes,Low,0
695587774,Female,20,3.67,46,7,Medium,No,6,No,Low,0
686319707,Male,20,1.94,67,23,Low,Yes,8,No,Medium,1
677967801,Male,21,3.23,67,16,Medium,No,3,Yes,Low,0
671423286,Female,22,3.6,43,6,Medium,Yes,5,Yes,High,0
693695961,Male,20,3.86,61,12,Low,No,2,No,High,1
688217316,Male,18,3.21,51,22,Low,No,2,Yes,Medium,1
693177945,Male,19,2.74,84,17,Low,Yes,7,No,Low,0
667348340,Male,23,3.04,42,20,High,Yes,6,No,High,0
660183062,Male,23,3.67,61,22,Low,Yes,4,Yes,High,1
672841992,Male,21,2.93,83,15,High,Yes,5,No,High,0
674294539,Female,20,1.58,41,10,Medium,Yes,1,Yes,Medium,1
666095929,Female,20,3.83,63,11,High,No,7,Yes,Medium,0
664944505,Male,24,3.22,73,18,High,No,8,No,High,0
690803328,Female,17,3.19,66,21,Medium,Yes,9,No,High,0
674062958,Female,22,2.04,94,18,Low,Yes,8,Yes,Low,0
691043233,Female,19,3.15,80,9,Low,Yes,5,No,Low,0
696468703,Female,20,2.48,40,16,Low,No,3,Yes,Low,1
690529525,Male,20,3.13,47,16,Medium,Yes,9,No,Medium,0
690176615,Female,20,1.77,62,6,Low,Yes,6,No,High,1
664381932,Female,21,3.14,77,17,Low,No,5,Yes,Medium,0
666665088,Male,24,4.0,45,5,Medium,No,3,Yes,High,0
677474447,Male,21,1.62,61,7,High,No,6,Yes,Low,1
684601020,Female,18,3.94,64,3,Low,No,3,No,Low,1
663699391,Female,20,2.52,57,5,Low,Yes,6,Yes,Low,0
678929860,Female,20,3.68,56,17,Low,No,4,Yes,Low,1
667006454,Female,23,3.46,51,10,High,No,2,No,High,0
673612610,Female,21,2.92,45,6,Medium,Yes,8,No,Low,0
687031883,Female,20,3.35,65,4,Low,Yes,4,Yes,High,1
692164367,Male,20,3.7,66,12,Low,Yes,9,Yes,High,0
680144356,Female,18,2.51,47,6,Low,No,7,Yes,Medium,0
698744220,Female,19,2.32,58,5,Low,Yes,2,Yes,Low,1
688398043,Male,19,3.17,99,4,High,No,4,No,Low,0
691748014,Male,19,3.52,81,19,Medium,No,5,No,Medium,0
667156720,Male,22,3.41,40,23,Medium,No,3,Yes,High,0
662288627,Male,22,3.49,96,22,High,Yes,9,Yes,Low,0
696517963,Female,19,2.59,68,15,Low,No,5,Yes,High,0
666597519,Female,21,3.54,84,7,Medium,Yes,2,No,Medium,0
680764121,Female,19,1.8,88,23,High,Yes,3,Yes,High,0
687068121,Female,18,2.86,74,11,Low,Yes,9,Yes,Low,0
689558356,Female,21,1.51,79,24,Medium,No,7,No,High,0
673502630,Female,20,2.31,53,8,Low,No,2,No,High,1
675698848,Male,21,2.42,74,7,Low,No,9,Yes,Low,0
671107677,Female,19,2.49,87,12,Low,Yes,4,Yes,Low,1
665738852,Male,23,3.24,84,10,Medium,No,9,No,High,0
660288790,Male,21,2.47,59,9,Medium,No,2,Yes,High,0
665084921,Female,22,2.62,95,9,High,No,4,Yes,Medium,0
699797444,Male,17,2.09,88,8,Medium,No,5,No,Low,0
693693305,Female,20,2.43,52,23,High,No,2,No,High,0
694466271,Male,20,2.07,77,22,High,Yes,1,No,Low,0
674385536,Female,22,1.68,88,5,Low,Yes,7,Yes,Medium,0
691352695,Male,18,3.01,85,21,Medium,Yes,1,No,High,0
661589228,Female,22,3.17,88,24,Low,Yes,8,No,High,0
691100567,Female,17,3.05,47,17,Medium,No,3,Yes,High,0
687706358,Female,18,2.66,82,6,High,Yes,6,Yes,Low,0
690049115,Female,17,2.45,59,14,Low,No,7,No,Medium,0
670721747,Female,20,3.66,99,8,Medium,Yes,1,No,Low,0
665392023,Male,23,2.8,72,21,Medium,Yes,6,Yes,High,0
695957515,Male,19,2.7,65,6,Medium,Yes,7,Yes,Medium,0
666232753,Male,23,1.56,78,17,Low,No,6,No,High,0
685246880,Female,21,2.35,60,11,Low,No,4,No,High,1
691404330,Male,19,2.45,92,7,Low,Yes,1,Yes,Low,1
690251492,Female,20,2.5,88,15,Low,No,9,No,High,0
694035851,Female,18,2.95,81,20,Low,Yes,4,Yes,Medium,1
680491072,Male,18,2.83,82,7,Medium,Yes,7,No,High,0
671086880,Male,20,3.02,93,18,Low,Yes,7,Yes,High,0
672055723,Female,20,3.41,80,21,High,No,2,Yes,Low,0
692248988,Male,19,3.53,48,16,Medium,Yes,1,No,Medium,0
669702701,Female,24,3.3,63,18,Medium,Yes,8,No,Low,0
662976242,Female,23,3.89,76,17,Medium,Yes,8,Yes,High,0
694580081,Female,20,1.55,88,24,Medium,No,7,No,Low,0
682648790,Female,18,1.99,80,6,High,Yes,8,No,Low,0
663763024,Female,21,1.52,56,9,Low,No,3,No,Low,1
694833177,Male,20,3.12,63,18,Low,Yes,2,Yes,Low,1
698272841,Male,19,3.75,60,24,Medium,No,7,No,High,0
683353597,Female,19,2.11,90,23,Low,Yes,8,No,High,0
698454561,Female,20,3.82,98,24,Low,Yes,1,Yes,Medium,1
662597480,Male,22,1.65,78,23,Low,No,9,No,Low,0
674197571,Male,22,3.84,94,10,Low,No,4,No,Low,1
676374201,Female,21,2.38,80,19,Medium,Yes,4,Yes,Medium,0
666118900,Male,21,1.75,78,18,Low,No,3,Yes,Low,1
662922097,Female,20,2.71,52,12,High,Yes,6,No,Medium,0
680157164,Male,19,2.14,50,12,Medium,Yes,1,No,High,1
680531831,Female,20,2.21,85,4,Medium,Yes,6,Yes,Medium,0
692989475,Male,18,2.27,58,11,Medium,No,2,Yes,Low,0
663369720,Female,23,3.51,50,19,High,Yes,9,No,Medium,0
694711075,Male,20,2.85,52,13,Low,No,2,No,High,1
667122313,Male,21,2.28,85,12,High,Yes,7,No,Low,0
666854500,Female,20,3.03,84,24,Medium,No,1,Yes,High,0
672640328,Male,20,3.29,40,19,Medium,No,7,No,High,0
699079703,Female,18,2.18,79,6,Medium,Yes,5,Yes,Medium,0
679222335,Male,22,2.53,83,18,Low,No,8,Yes,High,0
687326434,Female,18,1.8,58,22,Medium,Yes,4,Yes,Low,1
689551536,Male,20,1.95,51,17,Medium,Yes,7,No,High,1
665063778,Female,21,3.2,47,23,Low,Yes,6,No,High,0
673970001,Male,20,1.95,47,7,Medium,Yes,5,No,Medium,1
680070640,Female,18,2.81,92,8,Low,Yes,4,Yes,High,1
694122263,Male,18,3.27,84,19,Low,No,7,No,Medium,0
684594877,Female,21,1.77,51,3,Low,Yes,5,Yes,Medium,1
681355531,Female,21,2.92,87,21,Low,No,5,Yes,Low,0
680675510,Female,21,2.14,72,6,Medium,No,1,Yes,Low,0
663741196,Male,24,3.91,84,19,Low,Yes,2,Yes,Low,1
666990102,Female,24,2.71,65,11,High,No,5,Yes,Low,0
682734296,Male,18,3.51,78,4,Medium,Yes,3,Yes,Medium,0
666706024,Female,21,2.88,67,10,Low,No,2,No,High,1
660898320,Male,22,1.61,97,17,Medium,No,4,Yes,Low,0
665781565,Female,20,3.08,44,9,High,No,4,No,Low,0
672007635,Male,20,3.88,47,8,Medium,Yes,4,Yes,Low,0
669615215,Male,20,3.0,64,3,Low,No,4,No,High,1
673264908,Female,20,3.55,66,17,High,Yes,3,No,Low,0
664260538,Male,23,3.71,85,9,Medium,No,7,No,High,0
666486460,Male,22,2.07,62,19,Low,No,9,No,Medium,1
666197323,Female,23,2.03,69,4,Low,No,5,Yes,Medium,1
663621581,Male,23,3.03,84,11,Medium,No,4,Yes,Medium,0
674246238,Male,22,2.53,86,11,Low,Yes,2,Yes,High,1
675963135,Male,22,3.6,62,15,High,Yes,2,Yes,Low,0
698814131,Female,20,3.75,88,8,Low,No,5,No,Low,0
673599865,Male,21,2.38,86,8,High,No,7,No,Low,0
675382287,Female,22,2.09,59,22,Medium,Yes,9,No,Low,1
697990340,Male,18,3.45,57,22,Low,Yes,7,Yes,Low,0
691039458,Male,20,2.19,57,23,Low,Yes,5,No,High,1
673772811,Male,20,3.56,41,5,Medium,Yes,6,Yes,Medium,0
682317336,Female,20,2.56,43,19,Medium,No,3,No,Low,0
672763642,Male,19,3.17,69,19,Medium,No,5,No,Medium,0
697689684,Male,20,1.74,72,14,Low,Yes,8,No,High,0
673788340,Female,21,3.06,75,18,Low,Yes,1,No,High,1
670197775,Male,19,2.63,57,17,Low,Yes,1,No,Low,1
672386488,Female,21,2.97,76,15,Medium,Yes,7,Yes,High,0
660787494,Female,23,1.92,58,3,Low,Yes,5,No,Medium,1
695851244,Male,18,3.34,86,19,Medium,Yes,5,Yes,Low,0
675332660,Female,20,3.66,67,5,Medium,No,1,Yes,Low,0
699589801,Male,20,2.04,79,17,High,No,9,Yes,Medium,0
676837433,Female,21,1.74,59,6,Low,No,1,Yes,Low,1
675083769,Female,19,1.56,88,6,Low,Yes,5,Yes,Low,0
660533636,Male,21,3.1,72,20,Medium,Yes,9,Yes,Medium,0
684232406,Female,21,3.02,51,19,Medium,Yes,4,Yes,Low,0
682276360,Female,20,2.87,97,21,Low,No,8,Yes,Low,0
694408249,Female,17,2.08,90,13,High,Yes,6,No,Medium,0
664426219,Female,21,2.48,54,22,High,Yes,3,No,High,0
698914438,Female,20,2.99,80,5,Low,No,4,Yes,Medium,1
671332397,Male,21,2.74,78,10,Low,Yes,2,Yes,Low,1
677517836,Female,21,3.97,41,16,Medium,No,1,Yes,Medium,0
679106824,Male,21,1.84,68,3,Medium,No,8,No,Low,1
696646705,Female,19,3.24,80,16,Low,Yes,1,No,Low,1
675462810,Male,20,2.51,49,4,Medium,No,1,Yes,Medium,0
698905921,Male,17,2.57,41,6,Medium,Yes,4,Yes,Low,0
676903836,Female,20,3.29,90,21,Low,No,6,No,High,0
679726290,Female,22,3.23,50,8,Medium,Yes,9,No,Low,0
666243669,Female,21,3.98,52,3,High,No,1,Yes,Medium,0
661286643,Male,22,1.82,49,19,Low,Yes,7,Yes,High,1
699922192,Female,17,1.76,53,10,Low,No,5,Yes,High,1
698315390,Male,17,3.31,57,21,Medium,No,8,Yes,Low,0
676200646,Male,21,2.95,90,23,High,No,7,No,Medium,0
696983896,Male,18,2.19,93,3,High,Yes,4,No,Low,0
678783148,Female,20,1.7,48,7,Medium,Yes,4,Yes,Low,1
675409861,Female,21,1.71,96,18,Medium,No,6,Yes,Medium,0
674939003,Male,21,3.74,78,8,Medium,Yes,6,Yes,Medium,0
666311326,Male,20,1.98,67,10,Medium,No,9,No,Low,1
685146386,Female,18,2.31,42,15,Low,Yes,5,Yes,High,0
668415398,Male,22,2.07,59,18,Low,No,8,Yes,Low,1
680448345,Female,21,2.39,45,5,Low,Yes,5,Yes,High,0
699137682,Male,20,1.67,66,21,Medium,No,2,No,Low,1
687827494,Female,20,2.8,92,14,Low,No,6,Yes,Medium,0
673685501,Male,19,1.67,41,18,High,No,9,No,High,1
671879490,Female,20,3.5,68,13,Low,No,3,Yes,Medium,1
694984445,Male,19,2.08,77,12,Low,Yes,1,Yes,Medium,1
686939705,Female,19,2.85,42,22,Medium,No,1,Yes,Medium,0
687002587,Female,18,3.7,55,6,Medium,Yes,3,No,Medium,0
696742471,Male,18,3.13,69,14,Low,Yes,5,Yes,Medium,0
681454908,Male,21,2.83,79,4,Low,No,3,Yes,Low,1
693319144,Female,18,2.31,41,24,High,Yes,9,No,High,0
698693670,Male,20,2.33,56,21,Low,Yes,8,No,Low,0
695806466,Female,17,3.17,80,7,Low,Yes,3,No,Low,1
665744588,Male,24,3.99,51,10,High,No,9,Yes,Low,0
695304509,Female,17,3.15,74,9,Low,Yes,6,No,Medium,0
677668216,Female,22,2.89,82,16,Medium,Yes,7,Yes,Low,0
674949499,Female,20,3.33,40,5,Low,No,4,No,High,1
682387312,Female,21,2.66,94,20,Low,No,4,No,Low,1
663693976,Female,21,1.65,84,18,Low,Yes,2,No,Medium,1
676062903,Female,21,2.91,54,21,Low,No,5,Yes,High,0
694408224,Male,17,3.89,65,21,Low,Yes,8,Yes,High,0
684035493,Male,21,1.94,76,20,Low,Yes,7,Yes,High,0
689814149,Male,19,3.23,60,22,Medium,Yes,7,Yes,High,0
675703737,Female,20,2.0,88,18,Low,No,6,Yes,Low,0
681871403,Female,21,2.84,70,10,Medium,Yes,3,Yes,Medium,0
695747372,Female,17,1.74,64,3,High,No,5,Yes,High,1
664848287,Female,22,2.63,62,19,Medium,No,1,Yes,High,0
675658796,Male,19,3.39,63,14,Low,Yes,7,Yes,Medium,0
690821052,Male,17,2.37,96,23,High,No,9,No,Low,0
692225300,Female,18,3.16,77,13,Low,No,1,No,High,1
691855567,Male,20,3.49,67,7,Low,No,2,Yes,Low,1
661534837,Male,21,3.82,60,14,Medium,No,3,Yes,Low,0
673338442,Female,22,2.09,93,19,Medium,No,3,Yes,Low,0
694926203,Male,17,2.5,82,8,Medium,Yes,8,Yes,Low,0
690423570,Female,19,1.88,57,3,Low,No,7,No,High,1
682373139,Male,20,3.98,75,7,Medium,Yes,6,No,High,0
685221816,Female,21,3.82,74,16,Low,Yes,4,Yes,Low,1
679246766,Female,21,2.85,84,7,High,Yes,9,No,Low,0
662114792,Female,22,3.61,94,24,Low,Yes,1,No,Medium,1
668441136,Female,23,2.8,48,3,High,Yes,2,Yes,Medium,0
661873421,Male,22,3.06,92,20,Medium,Yes,4,Yes,Medium,0
686550670,Female,20,1.72,77,18,High,No,3,Yes,High,0
666081950,Female,23,3.39,97,11,Medium,No,1,Yes,Medium,0
686925877,Female,20,1.82,69,21,Medium,No,5,No,High,1
699805685,Male,18,3.57,99,24,Low,Yes,7,Yes,High,0
675967106,Female,21,3.46,83,7,Low,No,2,No,High,1
675118922,Male,21,3.27,73,4,Low,No,5,Yes,High,0
677177545,Female,20,1.59,71,17,High,No,6,No,Medium,0
685122783,Male,21,2.26,42,9,High,Yes,7,Yes,Low,0
685528983,Male,19,2.16,42,6,Medium,No,1,Yes,Low,1
690160775,Female,17,2.4,67,3,Low,Yes,7,No,Low,0
667349369,Male,21,1.72,83,15,Low,No,4,No,Medium,1
682667867,Female,19,3.84,54,22,Medium,Yes,8,No,Low,0
679951907,Female,21,2.88,80,24,Medium,Yes,4,Yes,Medium,0
666655623,Female,22,2.26,62,9,Medium,Yes,6,No,Medium,0
697686841,Male,19,2.49,79,17,High,No,9,No,Medium,0
686978737,Male,21,2.62,50,16,Low,No,5,No,Low,0
671344027,Female,22,3.0,87,21,Medium,Yes,4,No,Low,0
694166500,Female,20,2.79,71,24,Medium,No,8,No,Low,0
677467048,Male,19,3.8,97,22,Low,Yes,9,No,High,0
679179875,Female,22,2.74,98,20,Low,Yes,4,No,Medium,1
687884479,Female,20,3.98,96,12,Low,No,3,No,High,1
670497562,Female,21,3.63,93,11,High,No,8,No,Medium,0
694578238,Male,19,2.02,75,10,Medium,No,5,Yes,Low,0
674037776,Male,21,3.83,99,12,Medium,Yes,2,Yes,Medium,0
694010912,Male,18,1.79,72,19,High,Yes,9,No,Medium,0
684511732,Female,20,3.54,63,4,Medium,No,3,Yes,High,0
675562067,Female,21,2.45,78,8,Low,Yes,2,Yes,Medium,1
675237196,Female,19,3.69,73,7,Medium,No,1,No,Low,0
674885211,Male,20,3.67,95,11,Medium,Yes,8,No,Medium,0
696126319,Female,19,3.51,67,7,Medium,No,3,No,Medium,0
681600396,Female,21,3.48,76,20,Medium,No,7,No,Medium,0
673311149,Female,19,2.26,46,22,Medium,Yes,1,No,High,0
698511010,Female,18,1.7,43,11,Low,No,1,No,Medium,1
689555196,Male,21,2.51,76,19,High,No,9,Yes,Medium,0
662496081,Male,20,1.93,95,19,Low,Yes,8,No,High,0
690575278,Female,17,3.24,40,14,Low,No,3,Yes,High,1
685187480,Male,18,2.37,40,9,Low,Yes,6,No,High,0
691178049,Male,18,3.94,86,5,Low,No,3,No,High,1
673080201,Female,20,3.1,59,12,Low,Yes,4,Yes,Low,1
697136029,Female,19,3.56,58,4,High,No,1,No,Low,0
673464442,Male,22,1.83,68,5,High,No,5,No,Medium,1
689663340,Female,19,3.66,49,18,Low,No,1,Yes,Low,1
673314692,Male,22,3.81,99,4,Low,No,1,No,Medium,1
694719607,Female,19,2.72,57,12,Low,Yes,7,Yes,Low,0
686285088,Male,21,3.02,67,8,Low,Yes,6,No,High,0
671110389,Female,19,3.41,74,24,Low,Yes,2,No,High,1
698416320,Male,20,1.94,82,13,High,Yes,2,Yes,Low,0
673912942,Male,21,2.76,86,9,Low,Yes,7,No,Low,0
678501424,Male,22,2.5,70,17,Medium,Yes,1,Yes,Medium,0
687468810,Female,19,1.87,66,8,Low,Yes,2,Yes,Medium,1
681635156,Male,20,2.42,50,22,High,No,8,Yes,Medium,0
698523838,Male,17,1.67,88,11,Medium,No,6,No,High,0
685001045,Female,19,1.56,88,24,High,No,2,No,High,0
674463418,Female,20,1.84,77,22,Medium,No,7,Yes,High,0
699771802,Male,18,3.91,44,14,Low,Yes,4,No,High,1
664345760,Male,23,2.87,47,21,Low,Yes,2,No,Medium,1
687153768,Female,18,3.91,73,22,Medium,Yes,6,No,High,0
683251298,Female,21,2.58,87,5,Low,No,9,Yes,High,0
664465150,Female,20,2.28,91,17,Medium,Yes,9,No,High,0
668389012,Female,22,2.77,95,4,Low,No,8,Yes,High,0
677249903,Female,21,2.6,51,23,Low,Yes,3,No,Low,1
694897590,Male,20,1.76,77,4,Medium,Yes,3,No,Medium,0
686189573,Female,19,3.1,40,24,Medium,Yes,2,Yes,Medium,0
661323483,Male,22,2.04,70,5,Medium,Yes,5,No,High,0
691722320,Male,17,3.05,43,8,Low,No,4,Yes,Low,1
662332517,Male,22,3.13,88,17,Medium,No,7,No,Medium,0
693196340,Female,19,1.88,84,12,Low,Yes,4,Yes,Medium,1
698551881,Male,19,1.65,89,11,Low,No,9,No,High,0
695387408,Male,19,3.45,44,3,Medium,Yes,2,No,High,0
675692493,Female,19,2.65,69,18,Low,Yes,6,No,Medium,0
698247752,Male,19,1.65,95,8,Low,Yes,7,Yes,Medium,0
691087341,Male,18,3.99,63,11,Low,Yes,4,Yes,Low,1
666195200,Female,23,1.64,98,6,Low,No,6,Yes,Medium,0
683977266,Male,20,3.24,42,4,Low,Yes,7,No,Medium,0
685558956,Male,20,3.96,50,6,Low,Yes,4,Yes,High,1
693031756,Male,18,2.1,84,3,Low,No,8,Yes,Medium,0
690843523,Female,20,1.86,43,21,Low,Yes,9,Yes,High,1
698934845,Female,17,1.8,65,12,Medium,No,1,Yes,Medium,1
694040479,Female,17,2.26,66,23,Low,Yes,7,Yes,Medium,0
680092193,Male,18,1.75,85,17,Low,Yes,9,Yes,Medium,0
681186887,Male,18,3.23,93,24,Low,Yes,5,Yes,Low,0
668896761,Female,21,1.66,82,21,Medium,Yes,2,Yes,High,0
663334817,Male,21,2.77,66,18,High,Yes,6,Yes,Low,0
692715514,Male,19,3.99,81,23,Medium,Yes,7,Yes,Medium,0
692658571,Female,20,3.53,90,24,Medium,No,2,No,Low,0
684834357,Female,18,3.04,89,6,Medium,Yes,2,No,High,0
667102173,Male,22,2.27,45,4,Medium,No,1,Yes,Medium,0
664892472,Male,24,3.06,98,15,Medium,No,4,No,Low,0
680481680,Male,20,2.82,54,3,Low,Yes,7,No,Low,0
685165679,Female,20,2.57,92,19,Low,No,9,Yes,High,0
696180142,Female,18,1.83,69,15,Low,Yes,3,Yes,Low,1
665287118,Female,20,3.72,81,6,High,No,7,Yes,High,0
664100673,Female,20,2.62,76,9,Medium,Yes,7,No,Medium,0
691534026,Male,20,1.99,97,19,Medium,No,7,Yes,Medium,0
678704434,Female,22,2.42,76,11,Low,No,2,No,Low,1
683467366,Female,18,2.54,81,6,Medium,Yes,6,Yes,Medium,0
690327359,Female,19,3.57,99,21,Low,No,2,No,Medium,1
660317537,Female,24,3.33,76,3,Low,Yes,6,No,Low,0
696953757,Female,20,3.42,74,12,High,Yes,3,Yes,Medium,0
690550222,Male,18,1.53,62,6,Medium,Yes,2,Yes,Low,1
694975026,Male,20,2.54,45,11,Low,Yes,6,No,High,0
677795134,Female,20,2.7,43,15,High,Yes,2,No,High,0
682573619,Male,20,1.55,57,16,Low,No,5,Yes,High,1
682453752,Female,18,2.15,99,12,High,No,2,Yes,Low,0
689752741,Female,20,3.4,48,8,Low,No,3,No,Low,1
667265760,Male,20,1.84,88,18,Low,Yes,3,Yes,Medium,1
681353038,Male,20,2.84,68,8,Low,No,6,No,Medium,0
698639483,Female,19,2.04,52,19,Low,No,6,Yes,Medium,1
694657693,Female,17,1.53,98,12,Low,No,3,Yes,Medium,1
684264694,Female,19,2.1,86,20,Medium,No,3,Yes,Medium,0
660707689,Male,20,3.94,91,24,High,No,1,No,Low,0
661296516,Female,20,3.5,56,20,Medium,Yes,7,Yes,Low,0
699945225,Female,19,3.9,84,5,Low,Yes,8,No,High,0
683463351,Female,21,2.72,71,22,Medium,No,2,Yes,High,0
669653648,Male,22,1.77,87,23,Low,Yes,4,No,High,1
671854971,Female,21,2.87,61,17,Low,Yes,7,No,High,0
669038807,Female,23,2.64,43,17,Medium,No,8,Yes,Low,0
681849396,Male,20,3.61,44,6,Medium,No,1,No,Low,0
672691276,Female,22,1.75,76,11,Low,Yes,4,No,Low,1
679017469,Female,19,2.72,80,21,Low,No,6,No,Medium,0
672526954,Male,22,1.88,88,19,High,Yes,3,No,Medium,0
666549546,Female,22,2.31,52,13,Low,Yes,5,Yes,High,0
678007407,Male,22,3.34,73,11,Medium,No,9,Yes,Medium,0
667385034,Male,22,2.69,84,12,Medium,Yes,3,Yes,Low,0
697063410,Female,17,2.44,61,20,Low,Yes,5,No,High,0
669050222,Female,24,2.49,92,22,Low,Yes,8,No,High,0
668001482,Female,20,2.65,98,15,Low,No,6,Yes,Medium,0
699055605,Female,19,3.46,62,10,Medium,No,4,Yes,High,0
661072647,Male,21,3.73,90,9,Medium,No,8,No,Medium,0
661631107,Female,24,3.89,42,19,Medium,No,3,Yes,Medium,0
679417063,Male,20,3.47,81,23,High,Yes,3,Yes,High,0
685106563,Female,21,2.29,73,17,Medium,No,4,No,Medium,0
678234679,Female,21,3.22,71,22,Medium,No,9,Yes,Medium,0
666463768,Female,21,2.59,84,17,Medium,No,5,No,Medium,0
689694402,Male,20,2.14,90,3,Medium,No,8,Yes,Medium,0
685606594,Female,20,3.6,97,16,Medium,Yes,6,No,High,0
681950367,Female,21,1.6,88,7,Medium,Yes,3,No,Low,0
691910705,Female,18,3.75,60,13,Medium,Yes,8,No,Low,0
661601596,Female,23,2.65,85,18,Low,No,9,No,Medium,0
693791481,Male,17,3.09,83,4,Medium,No,8,No,Medium,0
665123122,Female,21,3.15,60,10,Low,Yes,4,Yes,Medium,1
687757202,Male,20,3.74,83,13,Low,No,6,Yes,Low,0
686348564,Male,20,3.09,50,20,Low,No,1,Yes,Medium,1
684150276,Male,19,3.03,78,5,Medium,Yes,4,No,High,0
695723601,Male,17,1.67,43,3,Medium,Yes,8,Yes,High,1
675354075,Male,20,2.8,90,13,Low,No,1,No,High,1
665279548,Male,20,1.88,40,18,Medium,No,3,No,Low,1
692382357,Female,18,3.34,67,20,Medium,No,1,Yes,Medium,0
697904069,Male,20,2.78,63,18,Low,Yes,9,No,Medium,0
692245131,Male,19,3.2,74,12,Medium,Yes,2,Yes,Medium,0
694246049,Male,18,1.6,52,20,Medium,Yes,9,No,Low,1
678480473,Female,19,1.71,86,8,Medium,Yes,4,No,Low,0
685455770,Female,21,3.29,73,21,Medium,No,2,Yes,Low,0
691072200,Male,18,1.68,50,6,Medium,Yes,4,No,Low,1
692906158,Female,17,1.68,75,15,Low,Yes,6,Yes,High,0
681222869,Male,19,1.53,90,16,Low,No,7,No,Low,0
673125354,Male,21,3.89,56,5,Low,No,3,Yes,Low,1
699818159,Female,20,3.34,74,12,High,No,3,No,Low,0
664782883,Male,24,2.38,99,8,Low,Yes,8,Yes,Medium,0
676501632,Female,19,2.24,57,3,Low,No,5,Yes,Medium,0
669302640,Female,22,2.37,79,16,High,No,4,No,Medium,0
683982588,Male,18,3.44,61,10,High,Yes,7,Yes,High,0
688083123,Male,20,3.15,96,21,Medium,Yes,7,No,High,0
669956046,Female,22,1.96,63,16,Low,No,9,No,Low,1
686160686,Male,20,1.94,97,12,Low,Yes,9,Yes,Medium,0
669306167,Male,21,1.75,58,19,Low,No,5,Yes,High,1
670635605,Male,20,3.15,76,11,Low,No,8,Yes,Medium,0
677479821,Female,19,3.41,78,8,Low,Yes,1,Yes,High,1
694583897,Female,18,2.16,60,13,Medium,No,9,Yes,High,1
669203739,Male,24,1.55,47,9,High,Yes,8,No,Low,1
667413718,Female,24,1.71,67,19,Low,Yes,6,Yes,Low,1
660067661,Female,21,3.92,44,3,Medium,Yes,3,No,High,0
686859991,Female,18,2.24,56,24,Medium,No,3,Yes,Low,0
667585153,Female,24,3.42,76,7,Low,Yes,8,Yes,High,0
665914988,Female,22,3.06,75,11,Medium,Yes,5,Yes,High,0
686558221,Male,20,2.45,93,20,Low,No,7,No,Medium,0
661307506,Male,20,2.01,58,23,Low,No,5,Yes,Low,1
672901614,Male,20,1.8,66,4,Medium,No,8,No,Low,1
682966422,Female,21,3.04,92,13,Low,No,4,No,Low,1
693708654,Female,18,3.44,73,8,High,Yes,2,No,Medium,0
687315436,Male,18,3.11,50,10,Low,Yes,3,Yes,Medium,1
680118033,Female,18,2.83,93,6,Medium,Yes,8,No,Medium,0
689018873,Male,20,1.6,84,20,Medium,No,7,Yes,Low,0
685872354,Male,19,3.92,86,13,Low,No,2,No,Low,1
691215502,Male,19,3.5,51,7,Low,Yes,6,Yes,Low,0
689810404,Female,21,2.23,93,17,Medium,No,9,No,Medium,0
682319049,Female,18,3.95,60,20,High,No,4,Yes,Medium,0
676292518,Male,22,3.0,93,4,High,Yes,9,Yes,High,0
687587768,Male,19,2.96,50,24,Medium,Yes,2,Yes,Medium,0
683720464,Male,20,3.37,78,13,Medium,No,2,No,High,0
672192614,Male,22,3.53,67,15,Medium,No,9,No,Low,0
670770173,Female,21,3.14,44,6,Medium,No,7,Yes,Medium,0
665642264,Female,20,1.82,56,24,Medium,Yes,7,No,Low,1
660467010,Male,24,2.35,95,9,Medium,Yes,1,No,Low,0
671655016,Male,19,3.82,59,13,High,Yes,6,No,Low,0
664221038,Female,22,2.06,80,24,Low,Yes,7,No,Low,0
689312483,Female,18,2.43,85,6,High,Yes,6,No,Medium,0
668376430,Male,21,2.58,97,17,Medium,No,6,No,Low,0
683880993,Male,21,2.6,51,3,Low,No,2,No,High,1
662568103,Male,22,3.03,45,5,Low,No,6,Yes,Medium,0
698469872,Female,19,3.86,56,16,Low,Yes,4,Yes,Low,1
668411883,Female,24,2.1,90,8,Medium,Yes,9,No,Medium,0
676482532,Female,22,1.8,58,20,High,Yes,1,Yes,High,1
695196467,Male,17,1.99,65,3,Low,No,8,Yes,Low,1
665952793,Male,21,3.72,87,8,High,Yes,5,Yes,High,0
698961343,Female,17,3.11,83,8,High,Yes,1,No,Low,0
692000609,Female,17,2.21,83,23,Low,No,4,No,High,1
679301434,Male,22,3.54,91,18,High,Yes,1,No,Low,0
682697143,Female,19,3.65,71,7,High,No,6,No,Medium,0
669251130,Female,22,3.62,45,19,Medium,Yes,2,No,Low,0
689192300,Male,20,3.8,94,12,Medium,Yes,5,Yes,Medium,0
689549765,Female,20,2.13,97,23,High,No,7,No,Low,0
691314532,Male,18,3.39,75,20,Medium,No,2,Yes,Low,0
690421240,Male,18,2.65,77,9,Low,No,6,No,High,0
690944789,Male,17,3.6,50,5,High,No,6,Yes,High,0
682213573,Male,20,3.32,72,15,Medium,No,5,No,High,0
688914501,Male,19,3.44,63,17,Medium,No,5,No,Low,0
672255363,Male,20,3.14,62,22,Low,Yes,3,No,Low,1
698375741,Male,20,1.94,54,21,Medium,Yes,2,No,Low,1
695056861,Female,18,2.86,66,5,Low,No,7,No,Medium,0
676436446,Male,19,3.96,50,6,High,Yes,1,No,Medium,0
684148887,Male,19,3.84,96,7,Low,No,6,Yes,Low,0
699595702,Female,17,1.61,90,3,Low,Yes,6,No,High,0
679057014,Female,20,1.91,89,6,Medium,No,3,Yes,High,0
663668866,Female,21,1.83,56,14,Low,Yes,2,No,High,1
694612338,Male,20,3.31,90,12,Medium,Yes,2,Yes,Low,0
671033255,Female,20,3.54,92,23,High,Yes,9,Yes,High,0
687082212,Male,20,2.03,53,22,High,Yes,5,Yes,Low,1
668202787,Male,21,2.76,66,15,Low,Yes,7,Yes,Medium,0
694989847,Male,18,3.6,57,16,Low,No,5,Yes,High,0
688929285,Male,19,3.33,67,7,High,No,7,Yes,Medium,0
667643603,Female,22,2.86,90,6,High,No,4,No,High,0
673094235,Female,21,2.98,86,16,Medium,Yes,8,Yes,Low,0
699560067,Male,19,2.77,86,12,Medium,No,7,No,Low,0
675986126,Male,19,2.24,43,19,Low,Yes,5,No,Low,0
682859653,Male,20,2.91,46,12,High,Yes,6,Yes,Low,0
660387952,Female,20,3.22,84,9,Medium,Yes,5,Yes,High,0
681030117,Male,21,3.68,74,18,Low,No,7,No,Medium,0
662896818,Male,24,3.09,87,3,Low,Yes,2,Yes,Low,1
662357821,Female,24,3.4,48,19,High,No,5,Yes,High,0
698913742,Female,18,1.9,47,23,Low,No,3,Yes,Medium,1
675584263,Male,21,2.65,91,11,Low,Yes,9,Yes,Low,0
660244761,Female,21,1.52,84,8,Medium,Yes,6,Yes,Medium,0
688386180,Female,20,2.12,56,21,Low,No,3,Yes,Low,1
670064323,Male,19,3.32,56,15,Low,No,7,Yes,Medium,0
661237715,Female,23,3.98,88,5,High,No,4,No,Medium,0
688040979,Male,20,1.75,72,9,High,No,3,Yes,Low,0
670954480,Female,19,2.5,71,24,High,No,8,No,High,0
666681134,Male,21,3.5,47,11,High,No,4,No,Medium,0
680854016,Male,18,2.01,58,24,Medium,Yes,1,No,Low,1
675347417,Male,22,2.89,77,7,High,No,6,No,Medium,0
689253517,Female,19,3.33,42,12,Low,No,1,Yes,Medium,1
695809701,Male,17,3.04,98,19,Medium,No,5,No,High,0
669439101,Female,23,1.97,44,14,High,No,7,No,Medium,1
698671370,Male,20,2.39,52,18,Low,Yes,6,No,Medium,0
669993726,Male,24,3.46,86,5,Low,Yes,2,No,Low,1
662883427,Female,23,2.89,85,24,Medium,No,4,No,Low,0
671416012,Male,20,1.51,70,11,Low,No,2,Yes,High,1
675752810,Male,21,3.4,94,17,Low,No,1,Yes,Medium,1
690571650,Female,18,1.59,55,7,High,Yes,3,No,Medium,1
694476576,Male,17,3.36,89,15,High,Yes,3,Yes,Medium,0
688774533,Male,18,2.01,71,16,Medium,Yes,7,Yes,High,0
682863793,Male,20,3.9,61,22,Low,Yes,1,No,Medium,1
684909047,Male,20,2.42,68,17,Low,Yes,9,No,Low,0
666881289,Female,21,2.32,61,18,High,Yes,6,No,High,0
697422212,Female,17,1.87,82,15,Medium,No,4,Yes,Low,0
673757974,Male,20,2.26,42,19,Low,Yes,3,No,Low,1
668791689,Female,23,3.69,93,10,Medium,Yes,3,Yes,High,0
687211179,Male,19,3.99,49,23,Low,No,2,Yes,Low,1
698767500,Female,17,2.42,81,4,Medium,Yes,2,Yes,Medium,0
674199591,Male,19,2.62,60,7,High,No,5,No,High,0
685500545,Male,20,3.31,55,8,Medium,Yes,9,Yes,Low,0
698291923,Male,18,3.72,51,14,Medium,No,2,No,Medium,0
683154240,Male,18,2.98,41,20,Low,No,2,No,Medium,1
669045310,Male,23,2.48,80,24,Medium,No,6,No,Low,0
667796324,Male,24,2.53,63,24,Medium,No,2,No,Medium,0
688112074,Female,21,3.24,74,3,Low,No,4,No,High,1
662190222,Male,21,1.51,95,19,Medium,Yes,6,Yes,Low,0
692719269,Female,18,3.05,69,13,Low,Yes,5,Yes,Medium,0
677235574,Male,20,2.39,96,12,High,No,1,Yes,Medium,0
665672354,Female,23,3.49,69,21,Medium,No,6,Yes,Low,0
665205597,Female,23,1.73,86,16,High,No,1,Yes,Low,0
665284958,Female,24,2.97,74,12,Low,Yes,3,No,Low,1
680786667,Male,21,2.7,58,17,Medium,No,5,No,Low,0
689742257,Male,19,3.11,89,21,Medium,No,5,Yes,High,0
691712503,Female,17,1.66,47,6,Medium,No,6,Yes,Low,1
693609736,Male,17,2.95,65,4,Low,No,8,Yes,High,0
688060833,Female,20,2.9,88,11,Medium,Yes,5,No,High,0
676638155,Male,22,2.9,79,12,Medium,No,1,No,Low,0
681384418,Female,19,3.01,46,13,Low,No,5,No,High,0
660386594,Female,21,3.19,69,16,Low,Yes,3,Yes,Low,1
662869760,Male,20,3.51,46,9,Medium,No,4,Yes,Low,0
671092501,Female,22,2.17,42,17,Medium,No,8,Yes,Medium,1
695238331,Male,19,3.56,40,24,Low,Yes,7,Yes,Low,0
698525631,Female,20,2.75,75,21,Low,Yes,5,No,Medium,0
681135964,Female,19,1.69,64,24,Low,Yes,2,Yes,High,1
689872232,Male,19,1.65,76,17,Medium,No,6,Yes,Medium,0
682155748,Male,20,2.34,40,10,Medium,No,6,Yes,High,0
663925282,Male,20,3.46,54,13,High,Yes,6,No,Low,0
660873172,Female,24,3.27,76,11,High,Yes,9,No,High,0
668910852,Male,23,3.47,52,17,Medium,Yes,8,Yes,High,0
695655378,Female,20,2.79,79,3,Low,No,8,No,Low,0
674873594,Female,21,2.6,47,3,Low,No,1,No,High,1
684063309,Male,19,1.87,44,21,Low,Yes,5,No,Low,1
676941245,Male,19,2.32,99,5,High,No,7,No,Medium,0
669451244,Female,24,2.59,48,12,Medium,Yes,6,No,Low,0
697817304,Female,17,1.72,40,10,Low,No,5,Yes,Low,1
690829735,Male,17,2.05,75,17,Low,No,8,Yes,High,0
687021862,Male,20,3.0,74,12,Medium,No,3,Yes,Medium,0
698351245,Male,17,3.34,41,3,Medium,No,6,No,Low,0
665282591,Male,24,4.0,79,20,Low,Yes,5,No,Medium,0
677483058,Male,19,3.83,62,4,High,No,8,No,Medium,0
692562469,Female,20,3.11,48,21,Medium,No,4,No,High,0
693086176,Female,19,2.55,73,15,Low,Yes,8,Yes,Low,0
666509590,Female,22,3.09,85,24,High,No,2,Yes,High,0
665345854,Female,22,3.46,53,3,Low,Yes,9,Yes,Low,0
687490200,Male,19,1.8,43,4,High,Yes,9,Yes,Medium,1
664883680,Male,20,2.52,69,18,High,No,6,Yes,Low,0
663681262,Male,21,3.6,70,17,Medium,No,4,Yes,Low,0
664633078,Female,24,2.46,77,15,Medium,Yes,4,No,Medium,0
672609089,Female,22,2.93,50,18,Low,Yes,6,No,Medium,0
682508749,Male,20,2.97,74,19,High,Yes,5,Yes,Low,0
670914228,Male,20,1.96,47,23,Medium,No,6,No,High,1
660953959,Female,20,2.41,42,9,Medium,Yes,7,Yes,Low,0
677905477,Female,19,2.34,53,19,High,Yes,7,Yes,Medium,0
683369538,Male,18,1.57,99,9,High,Yes,9,No,High,0
660345266,Male,20,1.56,52,15,High,No,8,Yes,Medium,1
689927209,Female,20,3.58,84,7,Low,Yes,6,Yes,Medium,0
684537358,Male,21,2.18,71,19,High,No,6,Yes,High,0
689496563,Male,21,2.8,73,5,Medium,No,5,No,Medium,0
676867100,Male,22,2.25,84,9,High,Yes,1,No,Medium,0
675275034,Female,20,3.85,58,19,Medium,No,9,No,Medium,0
687553974,Female,19,2.15,98,9,Low,Yes,9,No,Medium,0
699803005,Female,18,2.57,77,23,Low,No,9,Yes,Medium,0
666097091,Female,21,3.68,55,3,Medium,No,8,No,Medium,0
683177993,Female,20,3.6,41,19,Medium,Yes,3,No,Medium,0
667705092,Female,22,1.97,79,19,Low,Yes,1,No,Medium,1
697583354,Female,17,3.51,56,13,Medium,Yes,8,Yes,Medium,0
663131209,Male,20,2.65,94,5,Low,No,7,No,Low,0
699612128,Male,20,2.71,73,17,High,No,5,No,Low,0
695813365,Male,20,1.83,81,23,Medium,Yes,7,Yes,Medium,0
684057893,Male,20,1.7,99,13,Low,Yes,4,Yes,Low,1
695691276,Male,17,3.32,55,18,Low,No,9,Yes,High,0
675397662,Male,22,2.74,77,24,Low,No,2,Yes,Low,1
669828366,Male,20,2.59,99,11,Medium,No,9,No,Medium,0
661805468,Female,23,3.32,41,3,Low,Yes,9,Yes,Medium,0
693427975,Female,18,3.41,41,24,Low,No,5,No,Low,0
686356228,Male,18,1.9,65,18,High,Yes,1,No,Medium,1
688514716,Male,20,3.03,52,11,High,No,7,No,High,0
685525633,Female,20,1.84,95,21,Medium,No,4,No,High,0
682080154,Male,18,3.38,86,14,High,Yes,9,No,Medium,0
672244702,Male,20,3.14,70,21,Low,Yes,6,Yes,High,0
673377778,Female,22,3.89,99,24,Medium,Yes,3,No,High,0
685735193,Male,18,1.67,73,11,Medium,No,6,No,Low,0
667726890,Female,20,1.64,78,9,Medium,No,6,No,High,0
695897498,Male,18,2.21,42,16,Low,No,5,Yes,Low,0
668357956,Female,23,2.15,47,21,Medium,Yes,2,No,Medium,1
668204298,Female,20,2.12,62,21,Medium,No,2,No,Low,1
698776957,Female,20,3.77,53,4,Medium,Yes,7,Yes,Medium,0
699451337,Male,19,2.12,95,11,Low,Yes,2,No,Medium,1
695843493,Female,18,2.18,94,15,Low,Yes,6,No,Medium,0
693386501,Male,18,3.4,66,17,Low,No,5,Yes,Medium,0
687395350,Male,21,2.62,93,5,Low,No,4,No,Medium,1
684588334,Male,19,3.44,68,13,Medium,Yes,7,No,Low,0
698464685,Male,18,1.66,78,23,Low,No,8,No,Medium,0
677168362,Female,19,2.72,92,16,High,Yes,4,No,High,0
684327819,Female,18,1.58,78,10,Low,Yes,1,No,High,1
677284953,Male,20,1.66,40,20,Low,No,1,Yes,Medium,1
661255564,Male,20,3.77,56,21,Medium,Yes,1,Yes,High,0
668514493,Female,20,1.85,80,18,Low,Yes,1,Yes,Low,1
678930264,Male,22,2.83,69,4,Medium,No,5,No,Low,0
669059296,Female,24,2.53,92,10,Medium,Yes,4,No,Medium,0
674424507,Male,19,2.37,52,24,Low,Yes,9,No,Medium,0
682792427,Male,18,3.75,60,8,Low,Yes,3,Yes,Medium,1
663357679,Female,22,1.55,58,14,Low,Yes,7,No,High,1
685748035,Male,21,3.16,92,17,Low,Yes,8,No,High,0
664390020,Female,20,3.91,58,10,Low,Yes,6,No,Low,0
682681719,Male,18,2.9,96,6,Low,Yes,1,Yes,High,1
660890695,Male,22,3.84,64,17,Low,No,8,Yes,Low,0
670838761,Male,19,1.63,61,22,Medium,No,3,No,High,1
697367664,Female,18,2.55,70,19,Medium,Yes,8,No,Low,0
668888923,Male,23,2.15,56,15,Medium,Yes,4,No,Medium,1
685352825,Male,20,3.33,94,20,Low,No,8,Yes,High,0
669688053,Male,20,3.95,62,4,Low,No,1,Yes,Low,1
678887324,Male,20,2.14,71,15,High,No,3,Yes,High,0
673321127,Female,21,3.14,49,15,Medium,No,6,No,Medium,0
682559272,Female,18,2.0,49,24,High,No,9,Yes,Low,1
672276106,Male,19,2.91,75,17,Low,Yes,2,No,High,1
676960534,Female,19,2.66,47,22,Medium,No,1,No,High,0
667374592,Male,24,3.93,93,12,Medium,No,3,Yes,Medium,0
686575716,Male,21,3.02,91,5,Low,No,4,No,Medium,1
692002324,Male,19,2.37,59,21,Medium,Yes,5,Yes,Low,0
666262105,Female,21,1.79,71,5,Medium,Yes,3,No,High,0
696671318,Female,20,1.88,89,24,Low,Yes,2,No,High,1
660494592,Female,20,2.06,53,16,Low,Yes,2,Yes,Medium,1
673578226,Female,20,2.13,89,10,Medium,Yes,7,No,Medium,0
676149031,Female,19,3.63,67,6,High,Yes,9,No,Low,0
682427540,Female,21,2.9,85,22,Low,No,2,No,High,1
691715630,Female,17,2.81,91,13,Low,Yes,7,No,High,0
680318408,Female,21,1.79,92,13,Low,Yes,7,No,Low,0
698856884,Female,20,3.65,63,13,Medium,No,7,No,Low,0
678900019,Male,22,3.31,54,4,Low,Yes,3,No,Medium,1
693117172,Female,20,1.67,61,19,High,No,7,No,Medium,1
689272985,Female,21,3.27,69,11,Low,No,1,Yes,Low,1
676304680,Female,20,2.86,43,4,Low,Yes,1,Yes,Low,1
684235042,Female,20,1.7,52,17,Medium,No,5,No,High,1
661898739,Female,21,2.65,98,18,High,No,2,No,Low,0
689617944,Female,18,2.71,62,6,Medium,No,9,Yes,Low,0
681017433,Female,19,1.91,47,10,Medium,No,7,No,High,1
668104010,Female,20,3.86,57,11,High,Yes,4,Yes,Low,0
694661029,Female,18,3.62,51,7,Low,No,4,Yes,Medium,1
693678086,Female,19,3.17,94,18,High,Yes,2,Yes,Medium,0
681581530,Female,21,2.66,70,15,Low,No,5,No,High,0
682087258,Male,18,2.53,53,9,Medium,No,4,No,Low,0
664856447,Male,24,3.13,73,22,Medium,No,1,No,Medium,0
698369066,Female,19,2.86,57,19,Low,Yes,8,Yes,Medium,0
666857658,Female,20,1.66,95,5,High,Yes,3,Yes,Medium,0
690996530,Male,20,2.78,73,7,Low,Yes,6,Yes,Medium,0
